timestamp,proc_count,total_rss_kib,total_rss_gib,mem_available_kib,mem_available_gib
1778576555,2,25124,0.024,511981752,488.264
1778576558,2,4308284,4.109,507593912,484.079
1778576560,2,8607468,8.209,503338728,480.021
1778576562,2,9930256,9.470,501987456,478.733
1778576564,2,10951256,10.444,500958604,477.751
1778576566,2,11850496,11.302,500067540,476.902
1778576568,2,12660604,12.074,499256744,476.128
1778576570,2,13459092,12.836,498455072,475.364
1778576572,2,14304836,13.642,497624888,474.572
1778576574,2,15154960,14.453,496763800,473.751
1778576577,2,16038308,15.295,495878740,472.907
1778576579,2,16940832,16.156,494974960,472.045
1778576581,2,17847816,17.021,494057876,471.170
1778576583,2,18771336,17.902,493132076,470.287
1778576585,2,19653712,18.743,492264480,469.460
1778576587,2,20498400,19.549,491418876,468.654
1778576589,2,21287512,20.301,490639240,467.910
1778576591,2,22027696,21.007,489892024,467.197
1778576593,2,22697076,21.646,489232016,466.568
1778576595,2,23293152,22.214,488637612,466.001
1778576598,2,23858100,22.753,488041380,465.433
1778576600,2,24432880,23.301,487481900,464.899
1778576602,2,25000468,23.842,486911696,464.355
1778576604,2,25340200,24.166,486580724,464.040
1778576606,2,25618352,24.432,486302884,463.775
1778576608,2,25917400,24.717,486004432,463.490
1778576610,2,26200368,24.987,485724404,463.223
1778576612,2,26259332,25.043,485678196,463.179
1778576614,2,26341796,25.121,485583388,463.088
1778576616,2,26394020,25.171,485528816,463.036
1778576619,2,26448200,25.223,485487544,462.997
1778576621,2,26556896,25.327,485364644,462.880
1778576623,2,26631308,25.398,485297652,462.816
1778576625,2,27538432,26.263,484389924,461.950
1778576627,2,28523412,27.202,483407480,461.013
1778576629,2,29084156,27.737,482789136,460.424
1778576631,2,29630448,28.258,482298920,459.956
1778576633,2,30148188,28.752,481735752,459.419
1778576635,2,30762360,29.337,481165092,458.875
1778576637,2,30912280,29.480,481002456,458.720
1778576640,2,31058968,29.620,480851452,458.576
1778576642,2,31164344,29.721,480734236,458.464
1778576644,2,31252832,29.805,480654952,458.388
1778576646,2,31224284,29.778,480643600,458.377
1778576648,2,31329212,29.878,480548136,458.286
1778576650,2,31397352,29.943,480484296,458.226
1778576652,2,31510536,30.051,480357180,458.104
1778576654,2,31684888,30.217,480221684,457.975
1778576656,2,31926332,30.447,479981964,457.746
1778576658,2,32148148,30.659,479748216,457.524
1778576661,2,32484832,30.980,479386152,457.178
1778576663,2,34187756,32.604,477634080,455.507
1778576665,2,35257972,33.625,476428420,454.358
1778576667,2,35563956,33.916,476188816,454.129
1778576669,2,38781556,36.985,473086292,451.170
1778576671,2,41952708,40.009,469906736,448.138
1778576673,2,45235960,43.140,466625096,445.008
1778576675,2,48525168,46.277,463327256,441.863
1778576677,2,50493764,48.155,461432276,440.056
1778576679,2,50755332,48.404,461168356,439.804
1778576682,2,51015328,48.652,460913640,439.562
1778576684,2,51668028,49.274,460295680,438.972
1778576686,2,51417288,49.035,460167284,438.850
1778576688,2,51681288,49.287,459909404,438.604
1778576690,2,51944608,49.538,459652876,438.359
1778576692,2,52200868,49.783,459398952,438.117
1778576694,2,52414844,49.987,458956164,437.695
1778576696,2,52641960,50.203,458976160,437.714
1778576698,2,52906332,50.455,458734220,437.483
1778576701,2,53167868,50.705,458494052,437.254
1778576703,2,53431836,50.957,458247736,437.019
1778576705,2,53696108,51.209,458152536,436.928
1778576707,2,53954692,51.455,457949560,436.735
1778576709,2,54217028,51.705,457694664,436.492
1778576711,2,54481168,51.957,457428416,436.238
1778576713,2,54744068,52.208,457170548,435.992
1778576715,2,55007204,52.459,456906372,435.740
1778576717,2,55270032,52.710,456652844,435.498
1778576719,2,55529856,52.957,456384788,435.242
1778576722,2,55794984,53.210,456120836,434.991
1778576724,2,56054952,53.458,455864352,434.746
1778576726,2,57115676,54.470,454580848,433.522
1778576728,2,56331928,53.722,455105820,434.023
1778576730,2,56588252,53.967,454979340,433.902
1778576732,2,56839568,54.206,454731068,433.665
1778576734,2,57093944,54.449,454472876,433.419
1778576736,2,57349144,54.692,454213440,433.172
1778576738,2,57604836,54.936,454147888,433.109
1778576740,2,57863964,55.183,454043248,433.009
1778576743,2,58109428,55.417,453794700,432.772
1778576745,2,58368944,55.665,453539840,432.529
1778576747,2,58769464,56.047,452838772,431.861
1778576749,2,58747752,56.026,452848940,431.870
1778576751,2,59010136,56.276,452824404,431.847
1778576753,2,59270340,56.525,452571040,431.605
1778576755,2,59525560,56.768,452403052,431.445
1778576757,2,59780304,57.011,452145168,431.199
1778576759,2,60037924,57.257,451887268,430.953
1778576761,2,60295520,57.502,451630064,430.708
1778576764,2,60555320,57.750,451375680,430.465
1778576766,2,60816936,58.000,451121624,430.223
1778576768,2,61079688,58.250,450856232,429.970
1778576770,2,61345324,58.503,450591584,429.718
1778576772,2,61608480,58.754,450327708,429.466
1778576774,2,61748496,58.888,450191408,429.336
1778576776,2,61879792,59.013,450063172,429.214
1778576778,2,62010492,59.138,449925584,429.082
1778576780,2,62137804,59.259,449799032,428.962
1778576782,2,62266140,59.382,449679176,428.847
1778576785,2,62396072,59.506,449551452,428.726
1778576787,2,62555248,59.657,449392868,428.574
1778576789,2,62814224,59.904,449118492,428.313
1778576791,2,63063924,60.142,448870940,428.077
1778576793,2,63322312,60.389,448607592,427.826
1778576795,2,63573344,60.628,448358628,427.588
1778576797,2,63826540,60.870,448109696,427.351
1778576799,2,64086624,61.118,447842140,427.096
1778576801,2,64339604,61.359,447585060,426.850
1778576804,2,64496128,61.508,445546584,424.906
1778576806,2,64375708,61.393,446580304,425.892
1778576808,2,64625344,61.632,446580248,425.892
1778576810,2,64878148,61.873,446581208,425.893
1778576812,2,65138124,62.121,446580744,425.893
1778576814,2,65400324,62.371,446313772,425.638
1778576816,2,65654064,62.613,446058052,425.394
1778576818,2,65914180,62.861,445799572,425.148
1778576820,2,66176628,63.111,445753468,425.104
1778576822,2,66436792,63.359,445497104,424.859
1778576825,2,66691208,63.602,445246824,424.620
1778576827,2,66949868,63.848,444991328,424.377
1778576829,2,67202264,64.089,444732176,424.130
1778576831,2,67452712,64.328,444484108,423.893
1778576833,2,67713152,64.576,444225568,423.647
1778576835,2,67976052,64.827,443960948,423.394
1778576837,2,68235552,65.074,443704620,423.150
1778576839,2,68488996,65.316,443447456,422.904
1778576841,2,69290816,66.081,442626980,422.122
1778576843,2,68997112,65.801,442249952,421.762
1778576846,2,68882932,65.692,442252056,421.764
1778576848,2,69143440,65.940,442018392,421.542
1778576850,2,69398004,66.183,441801128,421.334
1778576852,2,69652932,66.426,441800788,421.334
1778576854,2,69906780,66.668,441800148,421.333
1778576856,2,70167208,66.917,441803304,421.336
1778576858,2,70430268,67.168,441530580,421.076
1778576860,2,70688660,67.414,441272960,420.831
1778576862,2,70949280,67.663,441008488,420.578
1778576864,2,71211596,67.913,440748612,420.331
1778576867,2,71474180,68.163,440484472,420.079
1778576869,2,71738416,68.415,440222684,419.829
1778576871,2,71989428,68.654,439972160,419.590
1778576873,2,72240276,68.894,439730492,419.360
1778576875,2,72505204,69.146,439465808,419.107
1778576877,2,72767592,69.397,439200004,418.854
1778576879,2,73019864,69.637,438947872,418.613
1778576881,2,73268336,69.874,438697920,418.375
1778576883,2,73515132,70.109,438456916,418.145
1778576885,2,73769760,70.352,438200064,417.900
1778576888,2,74025796,70.597,437943140,417.655
1778576890,2,74283660,70.842,437685576,417.409
1778576892,2,74547320,71.094,437427768,417.164
1778576894,2,74809552,71.344,437152880,416.901
1778576896,2,74939044,71.467,437024916,416.779
1778576898,2,75069372,71.592,436898296,416.659
1778576900,2,75200084,71.716,436764244,416.531
1778576902,2,75325916,71.836,436641724,416.414
1778576904,2,75451120,71.956,436517212,416.295
1778576907,2,75579648,72.078,436389140,416.173
1778576909,2,76399808,72.861,435492692,415.318
1778576911,2,79519812,75.836,432369960,412.340
1778576913,2,82627316,78.800,429330352,409.441
1778576915,2,88291128,84.201,423498064,403.879
1778576917,2,92077096,87.812,419779156,400.333
1778576919,2,94178980,89.816,417716900,398.366
1778576921,2,94596912,90.215,417263748,397.934
1778576923,2,94596928,90.215,417280360,397.950
1778576925,2,94596936,90.215,417354844,398.021
1778576928,2,94286616,89.919,418440048,399.056
1778576930,2,93056984,88.746,418798452,399.397
1778576932,2,89556432,85.408,421886104,402.342
1778576934,2,82609612,78.783,428852544,408.986
1778576936,2,83049600,79.202,428379432,408.534
1778576938,2,85532032,81.570,425913392,406.183
1778576940,2,88016580,83.939,423454952,403.838
1778576942,2,31946728,30.467,433691660,413.601
1778576944,2,31946728,30.467,468280160,446.587
1778576946,1,0,0.000,496686700,473.677
